1.3,K-2-PS3-2
1.4,K.G.A.1
1.4,K-2-PS3-2
1.5,K.G.A.1
1.5,K-2-PS3-2
1.6,K-LS1-1
1.7,K-2-PS3-2
1.7,K-ESS3-1
1.8,K-2-PS3-2
1.9,K-2-ETS1-1
1.9,K-2-ETS1-2
1.9,K-2-ETS1-3
1.10,K-2-PS3-2
1.11,K-2-PS3-2
1.12,K-2-PS3-2
1.13,K-2-ETS1-1
1.13,K-2-PS3-2
1.14,K-2-PS3-2
1.14,K-2-ETS1-1
1.14,K-ESS3-1
1.15,K-2-ETS1-1
1.16,K-2-PS3-2
1.16,K-2-ETS1-1
1.18,K-2-ETS1-1
1.18,K-2-PS3-2
1.18,3-5-ETS1-2
2.1,K-2-ETS1-2
2.1,3-5-ETS1-2
2.2,K-2-PS3-2
2.2,3-5-ETS1-2
2.3,K-2-PS3-2
2.3,3-5-ETS1-2
2.4,K-2-PS3-2
2.4,3-5-ETS1-2
2.5,K-2-PS3-2
2.5,3-5-ETS1-2
2.6,K-2-ETS1-1
2.6,K-2-PS3-2
2.6,3-5-ETS1-2
2.7,K-2-ETS1-1
2.7,K-2-PS3-2
2.7,3-5-ETS1-2
2.8,K-2-PS3-2
2.8,K-2-ETS1-1
2.8,3-5-ETS1-2
2.9,K-2-PS3-2
2.9,K-2-ETS1-1
2.9,3-5-ETS1-2
2.10,K-2-PS3-2
2.10,K-2-ETS1-1
2.10,3-5-ETS1-2
2.11,K-2-PS3-2
2.11,K-2-ETS1-1
2.11,3-5-ETS1-2
2.12,3-5-ETS1-2
2.13,K-2-PS3-2
2.13,K-2-ETS1-1
2.13,3-5-ETS1-2
2.14,K-2-PS3-2
2.14,K-2-ETS1-1
2.15,K-2-ETS1-1
2.16,K-2-PS3-2
2.16,K-2-ETS1-1
2.16,3-5-ETS1-2
2.17,K-2-PS3-2
2.17,K-2-ETS1-1
2.17,3-5-ETS1-2
2.19,3-5-ETS1-2
3.1,3-5-ETS1-2
3.2,3-5-ETS1-2
3.3,3-5-ETS1-2
3.4,3-5-ETS1-2
3.5,3-5-ETS1-2
3.6,3-5-ETS1-2
3.7,3-5-ETS1-2
3.8,3-5-ETS1-2
3.9,3-5-ETS1-2
3.10,3-5-ETS1-2
3.11,3-5-ETS1-2
3.12,3-5-ETS1-2
3.13,3-5-ETS1-2
3.14,3-5-ETS1-2
3.15,3-5-ETS1-2
3.16,3-5-ETS1-2
3.17,3-5-ETS1-2
3.19,K-2-ETS1-1
3.21,3-5-ETS1-2
4.2,3-5-ETS1-2
4.3,3-5-ETS1-2
4.6,3-5-ETS1-2
4.7,3-5-ETS1-2
4.9,3-5-ETS1-2
4.10,3-5-ETS1-2
4.11,3-5-ETS1-2
4.12,3-5-ETS1-2
4.13,K-2-ETS1-1
4.13,3-5-ETS1-2
4.14,3-5-ETS1-2
4.15,3-5-ETS1-2
4.16,3-5-ETS1-2
4.17,3-5-ETS1-2
4.18,3-5-ETS1-2
